{"accessibilityPrompt":true,"alwaysOnTop":false,"arch":"x64","asar":false,"blockExternalUrls":false,"bounce":false,"buildDate":1690272210646,"clearCache":false,"counter":false,"darwinDarkModeSupport":false,"disableContextMenu":false,"disableDevTools":true,"disableGpu":false,"disableOldBuildWarning":false,"electronVersionUsed":"19.0.14","enableEs3Apis":false,"fastQuit":false,"fullScreen":false,"height":800,"hideWindowFrame":false,"ignoreCertificate":false,"ignoreGpuBlacklist":false,"insecure":false,"isUpgrade":false,"maximize":false,"name":"Google Messages","nativefierVersion":"49.0.1","portable":false,"quiet":false,"showMenuBar":false,"singleInstance":true,"strictInternalUrls":false,"targetUrl":"https://messages.google.com/web","tray":"false","userAgentHonest":true,"width":1280,"widevine":false,"win32metadata":{"ProductName":"Google Messages","InternalName":"Google Messages","FileDescription":"Google Messages"},"zoom":1,"oldBuildWarningText":""}